{"cameraMode":{"drawMode":0,"name":"Shaded","section":"Shading Mode"},"sceneLighting":true,"audioPlay":false,"sceneViewState":{"showFog":true,"showMaterialUpdate":false,"showSkybox":true,"showFlares":true,"showImageEffects":true,"showParticleSystems":true},"in2DMode":false,"pivot":{"x":1.330736517906189,"y":-10.537232398986817,"z":10.761116981506348},"rotation":{"x":-0.3743860423564911,"y":-0.04948359727859497,"z":0.020012039691209794,"w":-0.9257354140281677},"size":22.0,"orthographic":false}